﻿<?xml version="1.0" encoding="utf-8" ?>
<Items>
  <Weapon Name="Rusty Sword">
    <Description>An old-looking, rusty sword. It's almost useless, but the best you could bring with you.</Description>
    <HitBonus>3</HitBonus>
    <DamageRange>3-5</DamageRange>
    <Two-Handed>False</Two-Handed>
    <Weight>2</Weight>
    <Value>1</Value>
    <UnsellableItem>False</UnsellableItem>
    <ImageIndex>725</ImageIndex>
  </Weapon>
  <Armor Name="Wooden Shield">
    <Description>An old-looking wooden shield. Hardly any better than not carrying it, at all.</Description>
    <ArmorBonus>1</ArmorBonus>
    <HeldInHand>True</HeldInHand>
    <Weight>3</Weight>
    <Value>1</Value>
    <UnsellableItem>False</UnsellableItem>
    <ImageIndex>1176</ImageIndex>
    <Type>Shield</Type>
  </Armor>
  <Armor Name="Old Ring">
    <Description>An old-looking ring. You might get tetanus.</Description>
    <ArmorBonus>1</ArmorBonus>
    <HeldInHand>False</HeldInHand>
    <Weight>1</Weight>
    <Value>0</Value>
    <UnsellableItem>False</UnsellableItem>
    <ImageIndex>1191</ImageIndex>
    <Type>Ring</Type>
  </Armor>
  <Armor Name="Older Ring">
    <Description>An older-looking ring. You might get tetanus.</Description>
    <ArmorBonus>0</ArmorBonus>
    <HeldInHand>False</HeldInHand>
    <Weight>1</Weight>
    <Value>0</Value>
    <UnsellableItem>False</UnsellableItem>
    <ImageIndex>1191</ImageIndex>
    <Type>Ring</Type>
  </Armor>
  <Item Name="Amulet Of The Tower">
    <Description>The amulet you've been searching for, within arm's reach. Once you (g)et it, it's all over.</Description>
    <ImageIndex>1207</ImageIndex>
    <IsGameEnderItem>true</IsGameEnderItem>
  </Item>
</Items>
