﻿<?xml version="1.0" encoding="utf-8" ?>
<Tiles>
  <Tile Name="Ordinary Wall">
    <Description>This is just an ordinary wall.</Description>
    <Seethrough>False</Seethrough>
    <Walkable>False</Walkable>
    <Index>1365</Index>
  </Tile>
  <Tile Name="Ordinary Floor">
    <Description>This is just an ordinary floor.</Description>
    <Seethrough>True</Seethrough>
    <Walkable>True</Walkable>
    <Index>1434</Index>
  </Tile>
  <Tile Name="Ordinary Stairs Down">
    <Description>These are just some ordinary stairs.</Description>
    <Seethrough>True</Seethrough>
    <Walkable>True</Walkable>
    <Index>1381</Index>
  </Tile>
  <Tile Name="Ordinary Stairs Up">
    <Description>These are just some ordinary stairs.</Description>
    <Seethrough>True</Seethrough>
    <Walkable>True</Walkable>
    <Index>1387</Index>
  </Tile>
</Tiles>